tick,N,sig_density,g14,g15,g16,g19,trust,cult_div,valence,arousal,pred_cum,total_energy,rate,elapsed_h
2000,264,329,0.553227852713331,0.2865267641056945,0.33634796424076907,0.6257290650286025,0.9126136363636363,0.250856038608592,-0.2547777190360438,0.3658702933763178,512,65671.4609865223,1217.6,0.0005
4000,4996,4346,0.6623750815838213,0.12548716258221643,0.10206498422708182,0.7823091982889948,0.20938446757405932,0.060353675362674254,-0.25104944362270454,0.3612272182897617,2311,968203.7684337115,256.5,0.0022
4000,4996,4346,0.6623750815838213,0.12548716258221643,0.10206498422708182,0.7823091982889948,0.20938446757405932,0.060353675362674254,-0.25104944362270454,0.3612272182897617,4110,968203.7684337115,238.5,0.0023
6000,5000,5218,0.6567342427229597,0.13175359588478944,0.11139030602320095,0.7765445765745606,0.9531171999999999,0.04141361259951066,-0.08847638239366006,0.1399157832602357,5106,5324394.219744978,191.4,0.0058
8000,4998,5320,0.6404756358235715,0.1882562997870862,0.21073031712714527,0.7282936133115776,0.9572330532212885,0.026612018843820265,-0.0499841090425509,0.08878755637361596,7448,5648581.220911389,162.5,0.0103
10000,4997,5321,0.6366351475917696,0.24514219618783914,0.2882942571703583,0.6467085909914904,0.959461116670002,0.022349547830269177,-0.06305979150224471,0.10938339371472422,9256,5817959.754744834,153.1,0.0145
12000,4994,5402,0.6352652777800882,0.3375414654842717,0.44668489336526435,0.5362050458068698,0.964992390869043,0.0176167288502603,-0.05031125308099761,0.08852449829623048,13988,4880080.128631059,143.1,0.0194
14000,5000,5165,0.6642751209227492,0.36439965838375726,0.4376464493472604,0.4696728736342946,0.9486880000000001,0.014784680843132773,-0.06069037764573464,0.08997660761605089,17520,5692032.140329992,137.9,0.0242
16000,5000,5052,0.6845564191714899,0.3875213097588701,0.42374336747520175,0.430446576510126,0.9263336,0.012552627939659248,-0.03394937115023828,0.05914513159021227,18263,8086181.825309817,138.9,0.028
18000,5000,5027,0.6923519635221336,0.40096288975505984,0.4061095162491867,0.39881180598310983,0.9258804,0.011814851342132641,-0.024782061286476552,0.048713965613536594,18377,11324968.556918964,142.7,0.0311
4000,4996,4346,0.6623750815838213,0.12548716258221643,0.10206498422708182,0.7823091982889948,0.20938446757405932,0.060353675362674254,-0.25104944362270454,0.3612272182897617,20176,968203.7684337115,239.2,0.0023
6000,5000,5218,0.6567342427229597,0.13175359588478944,0.11139030602320095,0.7765445765745606,0.9531171999999999,0.04141361259951066,-0.08847638239366006,0.1399157832602357,21172,5324394.219744978,185.9,0.006
8000,4998,5320,0.6404756358235715,0.1882562997870862,0.21073031712714527,0.7282936133115776,0.9572330532212885,0.026612018843820265,-0.0499841090425509,0.08878755637361596,23514,5648581.220911389,160.5,0.0104
10000,4997,5321,0.6366351475917696,0.24514219618783914,0.2882942571703583,0.6467085909914904,0.959461116670002,0.022349547830269177,-0.06305979150224471,0.10938339371472422,25322,5817959.754744834,152.9,0.0145
12000,4994,5402,0.6352652777800882,0.3375414654842717,0.44668489336526435,0.5362050458068698,0.964992390869043,0.0176167288502603,-0.05031125308099761,0.08852449829623048,30054,4880080.128631059,143.7,0.0193
14000,5000,5165,0.6642751209227492,0.36439965838375726,0.4376464493472604,0.4696728736342946,0.9486880000000001,0.014784680843132773,-0.06069037764573464,0.08997660761605089,33586,5692032.140329992,137.5,0.0242
16000,5000,5052,0.6845564191714899,0.3875213097588701,0.42374336747520175,0.430446576510126,0.9263336,0.012552627939659248,-0.03394937115023828,0.05914513159021227,34329,8086181.825309817,139.0,0.028
18000,5000,5027,0.6923519635221336,0.40096288975505984,0.4061095162491867,0.39881180598310983,0.9258804,0.011814851342132641,-0.024782061286476552,0.048713965613536594,34443,11324968.556918964,143.0,0.0311
20000,5000,5140,0.6972993402264724,0.4012035180046422,0.38692526895689583,0.38960499133781684,0.9432804,0.011668232720337646,-0.012421713299044986,0.03085010475976164,34506,15737922.506140329,148.9,0.0336
22000,5000,5155,0.7183884251150301,0.40286093931968764,0.3585063677487647,0.3854151365450599,0.9280732,0.01111229045305863,-0.013229023677059333,0.03199065066821347,34537,19882813.338371877,154.2,0.036
24000,5000,5208,0.7455704446225324,0.4145796036567774,0.3233918067703818,0.3542736879171844,0.9230652,0.010863590437949513,-0.013531128635687855,0.03588050998685993,34574,22395289.779810674,157.7,0.0388
26000,4999,5197,0.7678249201534707,0.4276854099346547,0.28632955487337525,0.3359735706271796,0.9022760552110424,0.009982388972954469,-0.019025201823981,0.03958997955575307,34705,23856134.89338566,159.8,0.0417
28000,4999,5449,0.7834246943112181,0.41610457551392727,0.3093257217584923,0.3688825969676207,0.9205577115423086,0.009667915009287764,-0.010012495444511781,0.028987994878352078,34995,23549997.842778824,161.4,0.0447
30000,5000,5644,0.8057619903545148,0.3992862571623082,0.36057401325322014,0.4503278347426991,0.9027172,0.008616851772506488,-0.005867125527557198,0.018465078002459886,35249,18732225.160110854,161.1,0.0483
32000,5000,5807,0.8222348979369348,0.38088301349050624,0.39995011876184455,0.5142132394109651,0.9381910400000001,0.006844562029528674,-0.004318008207420972,0.012937938337823486,35875,16328227.623839688,160.0,0.0521
4000,4996,4346,0.6623750815838213,0.12548716258221643,0.10206498422708182,0.7823091982889948,0.20938446757405932,0.060353675362674254,-0.25104944362270454,0.3612272182897617,37674,968203.7684337115,244.0,0.0023
6000,5000,5218,0.6567342427229597,0.13175359588478944,0.11139030602320095,0.7765445765745606,0.9531171999999999,0.04141361259951066,-0.08847638239366006,0.1399157832602357,38670,5324394.219744978,193.2,0.0058
8000,4998,5320,0.6404756358235715,0.1882562997870862,0.21073031712714527,0.7282936133115776,0.9572330532212885,0.026612018843820265,-0.0499841090425509,0.08878755637361596,41012,5648581.220911389,163.9,0.0102
10000,4997,5321,0.6366351475917696,0.24514219618783914,0.2882942571703583,0.6467085909914904,0.959461116670002,0.022349547830269177,-0.06305979150224471,0.10938339371472422,42820,5817959.754744834,154.3,0.0144
12000,4994,5402,0.6352652777800882,0.3375414654842717,0.44668489336526435,0.5362050458068698,0.964992390869043,0.0176167288502603,-0.05031125308099761,0.08852449829623048,47552,4880080.128631059,144.3,0.0193
14000,5000,5165,0.6642751209227492,0.36439965838375726,0.4376464493472604,0.4696728736342946,0.9486880000000001,0.014784680843132773,-0.06069037764573464,0.08997660761605089,51084,5692032.140329992,139.3,0.0239
16000,5000,5052,0.6845564191714899,0.3875213097588701,0.42374336747520175,0.430446576510126,0.9263336,0.012552627939659248,-0.03394937115023828,0.05914513159021227,51827,8086181.825309817,140.6,0.0277
18000,5000,5027,0.6923519635221336,0.40096288975505984,0.4061095162491867,0.39881180598310983,0.9258804,0.011814851342132641,-0.024782061286476552,0.048713965613536594,51941,11324968.556918964,144.5,0.0308
20000,5000,5140,0.6972993402264724,0.4012035180046422,0.38692526895689583,0.38960499133781684,0.9432804,0.011668232720337646,-0.012421713299044986,0.03085010475976164,52004,15737922.506140329,150.2,0.0333
22000,5000,5155,0.7183884251150301,0.40286093931968764,0.3585063677487647,0.3854151365450599,0.9280732,0.01111229045305863,-0.013229023677059333,0.03199065066821347,52035,19882813.338371877,155.5,0.0357
24000,5000,5208,0.7455704446225324,0.4145796036567774,0.3233918067703818,0.3542736879171844,0.9230652,0.010863590437949513,-0.013531128635687855,0.03588050998685993,52072,22395289.779810674,159.5,0.0383
26000,4999,5197,0.7678249201534707,0.4276854099346547,0.28632955487337525,0.3359735706271796,0.9022760552110424,0.009982388972954469,-0.019025201823981,0.03958997955575307,52203,23856134.89338566,161.8,0.0412
28000,4999,5449,0.7834246943112181,0.41610457551392727,0.3093257217584923,0.3688825969676207,0.9205577115423086,0.009667915009287764,-0.010012495444511781,0.028987994878352078,52493,23549997.842778824,162.9,0.0443
30000,5000,5644,0.8057619903545148,0.3992862571623082,0.36057401325322014,0.4503278347426991,0.9027172,0.008616851772506488,-0.005867125527557198,0.018465078002459886,52747,18732225.160110854,162.0,0.048
32000,5000,5807,0.8222348979369348,0.38088301349050624,0.39995011876184455,0.5142132394109651,0.9381910400000001,0.006844562029528674,-0.004318008207420972,0.012937938337823486,53373,16328227.623839688,160.4,0.052
34000,5000,5752,0.8284810188968399,0.3809500334523941,0.40318945615730545,0.533662871231567,0.94776664,0.00632598353127359,-0.0038143016615381944,0.011799563117335897,53582,18125934.53496348,160.9,0.0552
36000,5000,5792,0.8285567203989773,0.3812896527827499,0.40266137941881663,0.5341855225244473,0.9490026400000001,0.005781529600994747,-0.002074764110939254,0.008935274348038756,53590,22383041.40232656,163.4,0.0578
38000,5000,5810,0.8298655175271399,0.38216976121942237,0.40123431452077657,0.539852055097471,0.94504264,0.00568727506067614,-0.002112761755774155,0.00815426477366849,53590,27050442.530423306,166.2,0.0602
40000,5000,5764,0.8300955496614119,0.38414959203998117,0.39990258718763827,0.5406413133862311,0.9590886399999999,0.005649342842560961,-0.0014189609148708697,0.007543444028933679,53590,31527063.18298093,168.8,0.0625
42000,5000,5810,0.8347601490084867,0.37505343542725067,0.41978686122115233,0.5639723383271139,0.9189286400000001,0.005587134009315707,-0.004076932774917154,0.010888924984608276,53685,34076271.670956895,169.7,0.0655
44000,5000,5911,0.8373685862239075,0.36701151020487455,0.4344871662056915,0.578579256978533,0.945692,0.004983909577572231,-0.00042225741891226517,0.0047966016099092856,53856,37785599.103466645,171.2,0.0681
46000,5000,5801,0.8296117122070876,0.37125792014715664,0.44453583988822104,0.5789107501794115,0.9345240000000001,0.0049026077109747025,-0.0011162540720124616,0.006512563127970833,53981,39700284.88281492,172.9,0.0707
48000,4999,5898,0.8305617278459843,0.36649342719169914,0.44732625240141366,0.5808040763027225,0.9298251650330066,0.005264568862170712,-0.0007003058789281816,0.00925069317068217,54078,34615742.34700896,173.1,0.0738
50000,5000,6002,0.842452295857744,0.35094808123547616,0.47420103976720485,0.6297184899997268,0.9174432000000001,0.004247387310817521,-0.0008141155416690726,0.009100230223535474,54147,27534129.315974418,171.6,0.0777
52000,4999,5998,0.8528470853912427,0.3471314445513407,0.4840827332570259,0.6634922630994136,0.9193410682136427,0.0043351694906073185,-0.0004274049316169319,0.007145114136068878,54164,28037103.340589926,171.4,0.081
54000,5000,5963,0.8555816714516579,0.34830111717823053,0.4829683842170495,0.6747192030698352,0.9192644,0.003301210571614607,-0.0017741214916968265,0.007221518981185662,54183,32653974.64352337,172.6,0.0837
56000,5000,5987,0.8583732234001651,0.3502307416377234,0.4801345313124817,0.6880416692035165,0.9192756000000001,0.0038757702024999107,-0.000781241199926786,0.006524670911067608,54188,37737380.06460141,174.0,0.0862
58000,5000,5915,0.8610039406302367,0.3519050640462051,0.47792051377075395,0.6993339739981238,0.9140916000000001,0.0032164085811556935,-0.002386356140977682,0.0075843594535825775,54188,41827687.24393163,175.2,0.0888
60000,5000,5989,0.8614364844434629,0.35030566450957196,0.481196444495801,0.7020146434877721,0.9160076000000001,0.003366820210229936,-0.0010725257775966244,0.006653002755530547,54191,46055180.70632599,176.5,0.0913
62000,5000,5932,0.861638760530176,0.35061199793439346,0.48194031361330697,0.7023607746339187,0.9338816000000001,0.0029411911336810074,-0.00021388554610757263,0.00517673700712357,54200,47503960.66252646,177.5,0.0939
64000,5000,5945,0.8606123571547992,0.35049648731529176,0.4837746864895355,0.7017108208937587,0.9254756000000002,0.002919619851826442,-0.0003927574463641263,0.004613352035152166,54210,51683015.783029124,227.6,0.0024
66000,5000,5880,0.8522986738870253,0.3551554571520494,0.4916897828431377,0.6966679300017572,0.9140164000000001,0.0033671179734716524,5.00317698502235e-06,0.0062123321651359744,54234,50100887.819237635,212.1,0.0052
68000,5000,5917,0.8509695058063811,0.34942933055967274,0.49479477665019456,0.6889120751849211,0.9097824000000001,0.003856974167891029,-9.389733360842838e-05,0.010276232227782504,54259,34001949.63217606,184.9,0.009
70000,5000,5968,0.8420046111321255,0.3590799981232677,0.47760105130896746,0.6611245622613602,0.9030623999999999,0.0030925685021279746,-0.0007563115134490446,0.0086036553599272,54313,28316392.60933894,177.3,0.0125
72000,5000,5989,0.837211647940433,0.35880710087642104,0.4764032488359104,0.6443300611357323,0.9017152,0.002577595928432118,-0.0003309332257059638,0.006570651036759216,54353,31358764.17201508,179.5,0.0155
74000,5000,5958,0.8378630985871703,0.3594815111998119,0.47556799479498413,0.648482040167927,0.91033416,0.001950428855912391,-0.0005196857843050073,0.00553612603469703,54355,36613582.427739516,185.4,0.018
76000,5000,5961,0.8401892831014492,0.3606697366702938,0.47362095580365965,0.6584490613318164,0.90032016,0.00286081996298204,-0.00037555951925456467,0.007644138338239652,54355,41409090.428634405,188.8,0.0206
78000,5000,5962,0.8391468027806611,0.35981975826126955,0.47459388016093274,0.6537214525277153,0.8893461600000001,0.002095892279258787,-0.0005301121174535638,0.0067506207235042155,54355,46233541.20157489,192.2,0.0231
80000,5000,5953,0.8374515654201273,0.3616600639086515,0.4685526702420033,0.6452874717477802,0.90147456,0.003247880257806003,-0.0013265766902325485,0.007716407919542712,54371,45322475.65980163,192.1,0.026
82000,5000,5900,0.8370034382474285,0.36055575373349774,0.46974787885126634,0.6444258589526567,0.91429336,0.001926152791610911,-0.0002487335308189225,0.004915364805149063,54374,48282560.31300816,194.4,0.0286
84000,4999,5914,0.837737703176767,0.360331161342324,0.46833132970764635,0.643831394254763,0.9045422684536908,0.0026325478670875856,-7.75536109679118e-05,0.005451753457692703,54385,52104543.85995255,197.0,0.031
86000,4999,5894,0.8394372783313,0.3586893784319882,0.4669092254456863,0.6444563586081506,0.9104154430886179,0.0032976626422480874,-0.0004599534623548426,0.00844646916375974,54400,47402308.276272684,195.6,0.0341
88000,5000,5961,0.8377608099788638,0.355479394770416,0.47227404513491544,0.6421191660643075,0.90815536,0.002479787467377612,2.3097309025901923e-05,0.008368701291873629,54402,34838573.40732983,190.8,0.0379
90000,4999,5965,0.8422126118495086,0.34523511601793805,0.49106218793411754,0.661189327193335,0.9085590718143629,0.002523960232781229,-0.0005223362589223114,0.007089737044053216,54434,35399471.896030664,188.6,0.0412
92000,5000,6020,0.8423111424033436,0.3420254224987154,0.4953190475421956,0.6594307520726869,0.9157427039999999,0.0012115552709384561,-0.0005700299364549611,0.005859091061438961,54448,39815262.072038814,189.4,0.044
94000,4999,6027,0.841515500315461,0.34163185157990245,0.49591991974812133,0.6563759097348013,0.912292426485297,0.0020088284174844344,-0.0010332217746317296,0.0068310773838861924,54448,45144345.098793425,191.3,0.0465
96000,5000,6051,0.8391428664940337,0.3402294328835328,0.4977383964626931,0.6455641890870769,0.908947968,0.0018112800405033938,-0.0005507671721964105,0.006107803606737944,54448,50220744.497337036,192.9,0.049
98000,5000,6010,0.83903797832338,0.3397930259443296,0.49757236102517843,0.6448591332527038,0.905921968,0.0017684848422418577,4.5288975902303905e-05,0.006184010447544786,54448,53399834.0357902,193.8,0.0516
100000,5000,6039,0.838682946006569,0.337756806888048,0.4998872841851151,0.6444972253743982,0.9029667679999999,0.0016624373988638958,6.324804562990613e-05,0.00559129710313182,54448,55165646.04036832,194.3,0.0543
102000,5000,6045,0.8385607463311071,0.3379585087077091,0.49988083233102926,0.6447247565884984,0.9001747680000001,0.0010956762021102147,-0.00014354096811436387,0.004688665030239632,54449,60084174.107362635,196.1,0.0567
104000,5000,6034,0.8393369401018139,0.3374783161314509,0.4989053876924218,0.6445602738577715,0.909672768,0.0018859650812921543,-0.00019548930382206681,0.006379884957059364,54451,61253401.73341512,196.4,0.0594
106000,4998,6043,0.8400720860986787,0.3367420556612863,0.49837714319349036,0.6449742072139026,0.8968134933973589,0.003017577960343967,-0.0005610329324188039,0.00954661424001994,54458,47766252.34528098,194.3,0.0629
108000,5000,6064,0.8406685698028281,0.3349903664608291,0.5019272749753898,0.647514925142248,0.9092107680000001,0.0028989777175361365,-0.0002937949247784901,0.007934383637286546,54460,41637950.4599318,191.8,0.0666
110000,5000,6039,0.8401437127279557,0.33584714236302154,0.49987758894560463,0.6464661906784186,0.9037911680000001,0.0013243635402610762,-0.0002085160903804187,0.00646621387776852,54461,43668993.16310861,191.6,0.0696
112000,5000,6067,0.8404783596627352,0.3357935824797687,0.49938325839107783,0.6475325681288249,0.9027678144000001,0.0007170568223369755,-5.2311854593106324e-05,0.004914859356577696,54462,49013318.452142924,192.5,0.0722
114000,5000,6020,0.8392325814720399,0.3350891284485895,0.5004630797275355,0.642298506575673,0.9076458144,0.0009064040628561,-0.00046589983826358613,0.006013598285828118,54462,54190798.175262876,193.5,0.0746
116000,5000,6031,0.8389149876002573,0.33497570131946397,0.5003510086036195,0.6401985631376866,0.8997338144000001,0.0012788908607147674,-0.000668931876112156,0.005721413097601874,54463,59300782.967487045,194.2,0.0772
118000,5000,6060,0.8396946534433654,0.33476208869706087,0.5004649135413947,0.6430998755783082,0.9043578144000001,0.0016104776006686892,-0.00021645653355976385,0.005902294810893964,54463,61077855.89857435,194.5,0.08
120000,5000,6033,0.8394941778513934,0.33450365880099897,0.5008880127393248,0.6429879166550913,0.9026678144000001,0.0006527892202102001,-0.0001654151152574921,0.005208811555244732,54463,63439228.399417035,195.2,0.0825
122000,5000,6038,0.8391822897008747,0.33471877076799894,0.5011148464357007,0.6428664050717737,0.9067618144,0.0020489886571882186,-0.00020416115406327647,0.005747641855588204,54467,68156764.21642427,196.4,0.0848
124000,5000,6013,0.8406467620085474,0.333630675002401,0.49950052985869053,0.6430640149175125,0.9050138144000001,0.002429504308116176,-0.0003427224508413362,0.007037955942150987,54482,65036137.91056317,196.0,0.0028
126000,4998,6033,0.8404302114621467,0.3344096653093284,0.4981836778290689,0.6415073857792759,0.9041134597839137,0.003075057671240939,-0.00044809070233026063,0.009773119644422255,54484,48332288.06875701,160.7,0.0069
128000,5000,6022,0.8404965058458321,0.3345843398926974,0.49759561904367994,0.6411965221954214,0.9034630143999999,0.0008573978872918595,3.945710592023816e-05,0.00593994289210646,54486,45858731.96440014,162.8,0.0102
130000,5000,6045,0.8402683513296999,0.3345583155615398,0.49772004939317777,0.6403395582258717,0.91253129152,0.00034557031120018743,-5.796325068390733e-05,0.005214116358156093,54486,49413526.546286345,173.9,0.0128
132000,5000,6042,0.8399301356928576,0.3344167735191222,0.4975697322876869,0.6388799245007284,0.9140912115200001,0.0017564306516276054,-0.000278724946356939,0.0054172503340293434,54489,55048249.692067906,186.4,0.0149
134000,5000,6050,0.8394508497152722,0.3341263820088121,0.49797261907843865,0.6369993294146065,0.90946945152,0.0016011163190326329,3.6126706592584e-05,0.00571926598533035,54489,59965371.43876864,194.0,0.0172
136000,4999,6056,0.8387376638040118,0.3360037886160598,0.49514197442861124,0.6337096006315054,0.9079210357271456,0.001939933259543456,-8.388643583354024e-05,0.0064373274623126696,54490,63090555.151061594,198.8,0.0196
138000,5000,6024,0.838480068335155,0.3370045813212996,0.4933876248771783,0.6328609529921516,0.90631345152,0.0017631484796457992,-0.00034787965516074406,0.0067551848013181785,54491,64195845.97447401,200.7,0.0221
140000,5000,6043,0.838710089887996,0.336918819816485,0.49360297102939377,0.6329181191747488,0.91536745152,0.00028335367593147786,-0.0002284090918468599,0.004757626857573227,54493,68427158.15302399,206.4,0.0242
142000,5000,6043,0.8387949347327207,0.33654257253185216,0.4941655213478316,0.633396351185515,0.91229145152,0.00248194739985976,-0.00014843900216960753,0.006156943719043828,54496,71020215.47057883,209.7,0.0265
144000,4996,6047,0.8393460584882442,0.33614459163630983,0.4933782806913765,0.6336675031843578,0.9024834382706166,0.0027641456055855673,-0.0005478821942250747,0.011022598424422572,54504,58976785.62976907,204.1,0.0299
146000,5000,6016,0.8389962719695779,0.3379878730842298,0.4907329897373428,0.6313906736729393,0.92226545152,0.0019817647681523356,0.0001646073452269,0.006703909007116041,54504,47573821.44471946,197.5,0.0338
148000,5000,6029,0.8387388931870111,0.33808219031789793,0.490562036993971,0.6305499506213369,0.91718805952,0.0008433449800287387,-0.0002618606333128742,0.006020366855598126,54505,48310492.45973813,197.0,0.0367
150000,5000,6021,0.8384359756452139,0.3381114426769273,0.49021579558618905,0.6289940314163021,0.9225316252160001,0.0009411466890692882,0.00015757704297896975,0.005194978035015984,54506,52626430.61338769,199.3,0.039
152000,5000,6017,0.8384144809035959,0.33812218324506177,0.490158296928622,0.6291405998860606,0.9140806332160002,0.0016943645744628795,-0.0003768090760891571,0.00550786080309269,54506,58331490.99175128,202.9,0.0411
154000,5000,6048,0.8382409591640658,0.33807043115964625,0.490215493076716,0.6286869994629269,0.9128515932160001,0.0014238118147046985,-1.424778417988748e-05,0.005419564654437638,54506,62872096.74579723,204.7,0.0434
156000,4999,6027,0.8382300309878241,0.33827206082259753,0.4900097597933046,0.6285496729678473,0.9157091350430085,0.001889375047815306,-3.9646675353746145e-05,0.006052957545682278,54506,65405662.358220026,204.9,0.0461
158000,5000,6038,0.8383833172011483,0.3383087196898693,0.49031536003583687,0.6288722756344296,0.9159739932159999,0.00120901807602151,-0.0005287473329416789,0.005444393269608021,54506,66306693.89640555,204.8,0.0488
160000,5000,6000,0.8386206840211465,0.33811430756319116,0.49013670068726994,0.6285247616538714,0.911345993216,0.0006380613226417869,-0.0002744613414898887,0.004768160164915799,54509,71319424.60673778,207.4,0.0509
162000,5000,6034,0.838542210228454,0.33784534680177286,0.49077206691395814,0.6289746768977984,0.914937993216,0.0026977109046381147,-0.0002395018575757575,0.0072813865185726,54516,69844970.8596369,207.6,0.0535
164000,5000,6040,0.8386345399733004,0.3382303460956062,0.4900835809148024,0.6281688769084863,0.9188339932160001,0.0027326387565111123,-5.937442335572931e-05,0.009359800781748166,54519,52769360.48006651,203.2,0.0574
166000,5000,6046,0.8380666548694701,0.3398914201839453,0.487598019628777,0.6249918346292117,0.908865001216,0.0011304264463519583,0.00026021700251249963,0.006648598458476758,54520,47435506.574292615,200.5,0.061
168000,5000,6059,0.8379982477740953,0.34003095556020935,0.4872319282908806,0.6242507126266371,0.9103902921728,9.375549667504762e-05,-0.00014661974802073537,0.0053626283079242,54521,50174984.51809686,200.9,0.0636
170000,5000,6050,0.8379898586388205,0.340063369106513,0.4870271036734779,0.6242623892270897,0.9156615465728001,0.00011687422873537151,0.00017798285201089806,0.0048728356229369415,54522,55580687.22081986,202.5,0.0658
172000,5000,6075,0.8377842369595248,0.33993163481276917,0.487234070870415,0.6232999192657627,0.9150124745728001,0.0006838934165956271,0.00011916931274761655,0.005093861072191228,54522,60389900.25777827,203.5,0.0682
174000,4999,6020,0.837718418405267,0.33993304831636617,0.4870900242925214,0.622596307690188,0.9151094964720944,0.00014414005822442928,-0.0001738174203495594,0.0055360063701751306,54524,64219324.4372984,204.2,0.0707
176000,4999,6045,0.8376728570673011,0.3398535507398507,0.48717386532858187,0.6224193311057667,0.9184476841096222,0.001080909697541151,-0.00023323474037997616,0.006004893766913757,54524,65558708.938274585,204.1,0.0735
178000,5000,6053,0.8378598882575082,0.34006833370326406,0.4875540370353229,0.6227258141663213,0.9070059945728001,7.969641178484322e-05,-0.00034588837853923975,0.004965289179414831,54525,68589170.10625945,204.9,0.0759
180000,5000,6049,0.8373006804595622,0.3403603735473658,0.4885479628863306,0.6230069682741374,0.9142439945728001,0.0011463610396133185,-1.3324838375115445e-06,0.005696683516613806,54525,72430559.90853122,206.1,0.0782
182000,5000,6027,0.8379306421123958,0.33944375273821314,0.4881023183722971,0.623249934811503,0.9227799945728,0.002654548430601418,-0.00017507045006453058,0.009328852583674998,54532,64861678.48499432,204.1,0.0816
184000,4999,5996,0.83756379223705,0.34068448533012347,0.4859396282197411,0.6208236474342274,0.9197839513630727,0.0020539815318383293,-0.00013111656815575424,0.007873351490457677,54534,49105484.50685291,138.0,0.004
186000,5000,6023,0.8373302229627457,0.3412949840866987,0.4848162997915539,0.6193773993872621,0.9197219580928,0.0017591402553061137,-0.0003469150357958272,0.006542271394996394,54535,48679994.934793994,156.3,0.0071
188000,5000,6012,0.8371503487487946,0.3414266191659635,0.48454664767484773,0.6183565622561275,0.91888568013824,0.0007745143403297422,5.021816840494232e-05,0.0054864205517948395,54536,52294267.68129757,175.4,0.0095
190000,5000,6029,0.8370429460480046,0.3413966255109987,0.4845971729530537,0.6180298888230144,0.9159946772582401,0.0013692028097307247,1.0680541613081976e-06,0.0050892404260792674,54536,57867460.87939521,191.4,0.0116
192000,4999,6041,0.8369385666319519,0.34122336535560494,0.4844423657753357,0.6169850437529343,0.9191642445071414,0.0011578505335440008,-0.0001917205788770577,0.005402976228681109,54537,62272012.90695044,199.6,0.0139
194000,5000,6055,0.8369332254434612,0.3416309722533888,0.4840938284073432,0.6167693489722875,0.91543279565824,0.0013881641682756928,-0.0002115074587560736,0.005972284326486554,54537,65260195.5924294,203.7,0.0164
196000,5000,6024,0.8372261546543095,0.3415014535197168,0.48433235256812407,0.6169318104238553,0.9235280276582402,0.00015144268418883737,2.5107424121022714e-05,0.005209199468096977,54538,65317810.43999714,204.4,0.019
198000,5000,6000,0.8371357924076196,0.3414349932530887,0.4846490418635194,0.6169447903230575,0.92330402765824,0.00011292691588710506,0.0002681301429803187,0.005013655889760769,54538,70521457.15250894,211.9,0.021
200000,5000,6006,0.8371169330207496,0.3413697858830632,0.4847709162800978,0.617126857343549,0.9203280276582402,0.0020518065385668003,-0.00012837516547932056,0.006380871225298141,54546,71173314.06822051,213.6,0.0234
202000,5000,6016,0.8375330886628344,0.3412114184273749,0.4849135168259071,0.6178156495798176,0.92749602765824,0.0027579556494641694,0.00021750297122797367,0.009203765386216237,54548,55409457.75186408,204.7,0.0271
204000,4999,6043,0.8368137801420131,0.34331783231973706,0.48177839159565405,0.614374989260625,0.9187005248832167,0.002305796712720829,8.287390640712968e-05,0.007629013311577794,54549,48019543.79963862,198.1,0.0308
206000,5000,6048,0.8366187693168271,0.3440719193939755,0.4802767324982901,0.6128954007127507,0.90733839847424,0.0009478823088864681,-3.103184153035288e-05,0.006121774860170569,54550,49291454.01143028,198.2,0.0336
208000,5000,6044,0.8363210316290061,0.3439122036572304,0.4804412394332864,0.6118455026409061,0.916107613806592,8.70711815310657e-05,-0.0002465048854190793,0.0051874235507342464,54550,54366167.48776098,201.4,0.0359
210000,5000,5992,0.8362655186207121,0.34388724217702465,0.480240114460889,0.6116652252747327,0.918118589806592,0.0012679305486304868,4.3818516486999056e-05,0.005736896267278665,54551,59390159.44405155,204.6,0.038
212000,4998,6036,0.8358811918408448,0.34369912750587567,0.48044219848976943,0.6101891986666703,0.920920958189868,0.00040638809607330257,0.00011704580717986364,0.005734319688901202,54551,63912912.77758482,206.7,0.0403
214000,5000,6023,0.8357953971517498,0.34343051759796744,0.4808356330573375,0.6103543212945418,0.9281922826065921,0.0018532138521527033,8.581906951031067e-05,0.006198387602944217,54551,65444818.36823866,207.6,0.0428
216000,5000,6045,0.8361747923737602,0.3432921052415453,0.48095218198858813,0.6106077097483908,0.9115562826065919,4.990503876455793e-05,-0.00021979005530775418,0.0046716422286324265,54552,67529107.19348368,209.2,0.0452
218000,5000,6037,0.8358122047887626,0.343406995804813,0.48138230257742387,0.6104423614936099,0.927830282606592,0.0011214282330921782,-7.751761230338303e-05,0.005011404858231663,54554,72135561.06566067,212.1,0.0471
220000,4999,6009,0.8360133823226624,0.34309098323630677,0.4811190921869801,0.6103525322360401,0.9229268679801879,0.0031055850172470477,-0.000354403228059556,0.008402527466527409,54559,67444025.06432831,210.7,0.0501
222000,5000,5992,0.8360058486903781,0.3445932880701896,0.47864636892530815,0.6080760847444493,0.925258282606592,0.0032157999007106346,-0.0001326332293415083,0.009183642362937209,54561,51140365.92996597,205.4,0.0541
224000,5000,6058,0.8358921370309003,0.34511581925811297,0.47765792003705565,0.6069632558561799,0.913970734702592,0.001099811820104483,4.799940373223579e-05,0.006030767143729148,54561,48202105.00835503,203.0,0.0575
226000,5000,6074,0.8355868794439473,0.34527043475696273,0.4772661537167287,0.6061386149191003,0.9275965973247999,0.0008215416200122358,0.00039706603747359813,0.005374080402737364,54561,51430213.8165399,204.0,0.0599
228000,5000,6082,0.8356667235652967,0.3454680023209578,0.47714971302245685,0.6065740709281364,0.9123906155775999,5.534260495708242e-05,-2.224141301101085e-05,0.005121736972746909,54561,56821154.144444875,206.1,0.062
230000,5000,6071,0.8356418586347875,0.3454205269283895,0.47710632938837116,0.6064411348023631,0.9109359998976001,0.0010896804530124912,-0.00027299018322285933,0.005702592031885864,54561,61262613.2584447,207.5,0.0643
232000,5000,6065,0.8355856630432589,0.3456830148246892,0.4767793944042459,0.6061092543342902,0.9257115141376002,0.001458649919699597,0.00016567278077423702,0.005887354809708177,54561,64553199.48884209,208.2,0.0667
234000,5000,6035,0.8355109098239245,0.345265404091561,0.4773764074260975,0.6060626333249116,0.9145017541376,0.0024685757461732328,-0.00033777155636317407,0.007052894044203082,54561,65301445.81566876,208.5,0.0693
236000,5000,6021,0.8359411943962924,0.3453294563493326,0.47713014023099004,0.606625500217788,0.9215537541376001,8.595084762373935e-05,-0.0002367421971915526,0.004989089594234315,54561,69550676.01654649,210.2,0.0714
238000,4999,6036,0.8355626752541658,0.3456566838604259,0.4774358701541372,0.6063672945570602,0.9205538649105822,0.0024521732322723418,-4.514855984667902e-05,0.006428773530276934,54563,71780023.86092623,211.3,0.0736
240000,5000,6058,0.8357220257861969,0.34528221301681505,0.47726802666837703,0.6064522849314556,0.9262297541376,0.0028121759525809972,-0.00021666742006348544,0.010985348309503153,54566,58819481.13519415,209.1,0.0771
242000,5000,6017,0.8352163918829647,0.34736443767577563,0.4744323965490661,0.6040852089024823,0.9166749359104001,0.001747296001173483,2.254160674799161e-05,0.007137670622316936,54566,48423889.069087625,205.9,0.0809
244000,5000,6026,0.8348162691020654,0.3479183686637712,0.4732429363708514,0.6021444575718357,0.9187866940416,0.0010200271821978893,5.394090203840518e-05,0.0060866239733757144,54567,48804383.84837458,183.4,0.003
246000,5000,6037,0.834826698966711,0.3480038375404648,0.4730918076596783,0.6018656784439136,0.9179580380620802,0.0013889852098183182,5.343657358690943e-05,0.005353612008363818,54567,53171374.354472324,205.2,0.0054
248000,5000,6025,0.834730301647344,0.34791988202627133,0.47316543287104434,0.6014284164644732,0.92466729246208,0.0001826637856098126,-0.00016803469875433755,0.00532536077510299,54567,58602463.59948098,223.7,0.0075
250000,5000,6025,0.8346913762278393,0.347789622020527,0.47317124743284866,0.6009896694109886,0.91302239991808,0.0017966217507811677,-5.265674026939337e-06,0.005822633267960385,54567,62800784.32349093,227.1,0.0098
252000,4998,6059,0.8346044654016593,0.3477413857349234,0.47334155562210994,0.6006241187170194,0.9167649946737095,0.0007777043345923425,-0.00034828331328695455,0.005807615082015862,54567,65182259.086351626,228.2,0.0122
254000,5000,6009,0.8348373089837361,0.34766087055030503,0.4733769630230898,0.6009187029872762,0.9273550886758399,6.088081966820284e-05,0.00014141239906445509,0.00479181727651684,54568,66066773.04990488,227.6,0.0146
256000,5000,6002,0.8350039723974071,0.34756628116467847,0.47315301837202123,0.6009251671746965,0.9291922886758399,0.0006328761215173968,-0.00010345455478560481,0.004710933535145737,54571,70731555.33488636,234.3,0.0166
258000,4997,6017,0.8351476211007276,0.3476862095882097,0.4726578713616052,0.6009251480103583,0.9237125161855514,0.0029226506998065826,-4.101488878825465e-05,0.0076139388290824474,54574,68407990.38568479,230.8,0.0193
260000,5000,5980,0.8354575171490533,0.348137099024036,0.47092653952771696,0.5992368258661929,0.9278102886758401,0.0033582869403029824,-1.9882157733536787e-05,0.009567252228785971,54579,52158339.83490498,215.9,0.0232
262000,5000,6028,0.8350679988793501,0.34872439516775455,0.4697645823192591,0.597472870425368,0.92381521801728,0.0013016920337095652,4.147638922583996e-05,0.007051684014462636,54580,47399420.49723105,208.8,0.0266
264000,5000,6024,0.8352147787475657,0.3484791977937009,0.47015875636100246,0.5978797658298888,0.9244486951372801,7.69622080649903e-06,-0.00041642999820877595,0.005069477788318196,54580,50220234.46775417,209.9,0.0291
266000,5000,6061,0.8353833141755728,0.3486968223366097,0.46994184852615034,0.5985611435605258,0.922259492099072,0.0003769523520288521,-3.05458320503835e-05,0.005266390874520818,54581,55502642.31232052,213.5,0.0312
268000,5000,6034,0.8351352507712508,0.3484697149957506,0.4701007735766174,0.5970465652902749,0.9196569527838722,0.00164295749852228,-0.00020962808634851767,0.005536780538524764,54582,60103687.25586149,216.0,0.0334
270000,5000,6029,0.8350529996497664,0.34842958348021824,0.47023386028420283,0.5968948533872764,0.9225896065566721,0.0001497448185050013,-0.00018661825632303625,0.005675609160410599,54582,63635548.35927736,217.2,0.0358
272000,5000,6038,0.8350338005597727,0.34865359537280927,0.4698734959605762,0.5967094798950212,0.9173038565406721,0.0010346631912666578,-7.39266085157838e-05,0.006157252936500136,54583,64727050.88623114,217.4,0.0383
274000,5000,6030,0.8350608784999803,0.3486329951516495,0.4702038504133012,0.596727669977124,0.9250564165406718,3.7284998881871587e-06,-0.00014944935990340941,0.004744531945303899,54583,68012543.85940714,219.1,0.0406
276000,5000,6071,0.8351790915850342,0.348451799785566,0.47026927991866085,0.596966118516884,0.9245824165406721,0.0018027044895959758,-0.0005971296555769461,0.0067995940297900775,54589,71390993.32874724,221.4,0.0426
278000,4999,6044,0.8353624447944216,0.34802930141888205,0.4705816122477596,0.5972943021594659,0.9216347434893698,0.0035819413318634082,-3.5968291753000426e-05,0.00968521853912597,54592,62507112.35005291,218.3,0.0458
280000,5000,6026,0.8351328798211937,0.34912474645260694,0.4685900685065834,0.5949533150922749,0.922810416540672,0.0021972226798652483,-0.000599638597328068,0.008150919500744641,54593,48329120.32561901,212.4,0.0497
282000,5000,6044,0.8349064312985778,0.3496394484377042,0.4677332397901567,0.5939870941584995,0.9096807600138239,0.0010555386066702073,-0.00018865415254470214,0.005919115343175001,54593,48350957.80576298,210.8,0.0527
284000,5000,6058,0.8348291209736508,0.3497587319722614,0.4675328388606889,0.5937678082276743,0.919993794226176,0.0008997567006043641,-6.637249843819956e-05,0.0058123700053848365,54593,52025873.5912164,211.9,0.0551
286000,5000,6071,0.8348829146265256,0.349764592171164,0.46747950662009335,0.59404266051719,0.9223352355352575,0.0015396259626621108,-0.0005821764623735824,0.005787011357422861,54593,57482347.642211705,214.1,0.0571
288000,5000,6080,0.8347814664425927,0.3496944547235885,0.4675107449920738,0.593197530816559,0.9170727763070976,0.0013136488391988451,-0.00011261414719117639,0.005994444377854711,54594,61681221.012781575,215.1,0.0594
290000,5000,6064,0.8346517333308666,0.34966595354850455,0.46745529304860467,0.5924141967051769,0.9260723537125377,0.0017457274635835573,4.5837488893447984e-05,0.005372575362399281,54594,64585646.52266902,215.6,0.0618
292000,5000,6059,0.8347865723388943,0.349726302607928,0.46766926998951913,0.592639946468175,0.9166983537125376,0.00020751402622188963,-0.0001996169451123383,0.005615616257344204,54594,64753058.95992846,215.6,0.0644
294000,5000,5991,0.834973112257546,0.3495750944808789,0.46769904488835834,0.5925486541647434,0.9202481617125376,0.0003973902861442354,2.060945409901669e-05,0.005263344328574427,54597,69567923.75916937,217.5,0.0664
296000,5000,6055,0.8346553488546448,0.3497117419284382,0.4679655398722697,0.5926462227582082,0.9177721617125377,0.0019816699914922803,-0.00020187826463531025,0.00750043406957592,54601,69417910.12791553,217.7,0.0689
298000,5000,5994,0.8350583706662968,0.3493926437366851,0.46827371270357215,0.5933533030358527,0.9179361617125378,0.002708656666170096,-3.498785496284031e-05,0.009694935616963515,54602,53428504.516800925,214.2,0.0726
300000,5000,6004,0.8344563136869281,0.35099694506673884,0.46574230497526176,0.5900102970346485,0.9200007208456192,0.0009340477259734194,-0.00043099674141911545,0.007887974414617315,54602,47462838.605573714,211.3,0.0762
302000,5000,5996,0.8344710542519995,0.35115750673830814,0.4654610750203739,0.5898821369928824,0.9155573818478592,0.000471019731512617,0.0001991763915271984,0.005908456641461164,54603,49010799.64733891,211.0,0.079
304000,5000,6001,0.8344401081551914,0.3511850601895314,0.46529437533791496,0.5899364412071096,0.9134766894714063,0.001222895637242765,-0.0002803912904199332,0.005323104334691139,54605,54042734.19348121,254.0,0.0022
306000,5000,5999,0.8342114372938487,0.3511580135120813,0.4653158222517457,0.5890748528073407,0.9076649890456782,0.0014989372082603748,-0.0004918292144607371,0.00618976666566157,54606,58804552.168129206,251.7,0.0044
308000,5000,5974,0.8340654912783666,0.35123226344302233,0.4651628650344155,0.5882892958860222,0.9273309890456781,0.0006285618979533691,0.00013660989908555082,0.0058090609254739176,54606,63093236.041896105,247.0,0.0067
310000,5000,5983,0.8339985365305751,0.3511241542801359,0.465107430629675,0.5881458245725669,0.91347625097003,0.0016820755006698982,-0.0006654616489151358,0.006824702218603053,54606,64451770.24259402,243.5,0.0091
312000,5000,6013,0.8341859177670511,0.3513142976522245,0.46491834911650187,0.5884497742914074,0.92349369737003,7.179087231186737e-05,-0.00016875273481468343,0.005307624275841725,54606,66545640.92283351,241.1,0.0115
314000,4998,5999,0.8336208992942209,0.3516653553503513,0.4660335664321474,0.5887633118046867,0.9129788889256003,0.0015303097246372058,8.374742783032329e-05,0.005593830046201112,54607,70623089.4553419,246.1,0.0135
316000,5000,6022,0.8334933531600229,0.3517021316253461,0.46613750393878983,0.5886858959132593,0.9263816973700301,0.0027022838302555576,-9.669342381886885e-05,0.008608971493830699,54610,64668369.8859401,234.0,0.0166
318000,5000,6040,0.8337370678966097,0.35223673308536224,0.46471560772934345,0.5880621759167687,0.91726569737003,0.003234331914125666,2.6715420448771598e-05,0.009396162109654025,54612,49728684.55398747,215.4,0.0206
320000,5000,6077,0.8335800937886448,0.3528058087086647,0.46403597593022516,0.587714854015991,0.9167175971928473,0.0016915829083038812,-0.00010985482065073673,0.006567329472213544,54612,47400161.75837024,207.2,0.0241
322000,5000,6063,0.8334713913966,0.35273646255727253,0.4642603683970136,0.5871451254568488,0.9200238734782874,0.0008829465069980309,0.00017777325029681864,0.005779780495689113,54613,50626349.000814065,207.9,0.0267
324000,5000,6052,0.8335104769028123,0.35279436537293984,0.4642309761945638,0.5873973362725017,0.923139827584426,8.615459820913203e-05,-0.0003514988759587674,0.005569213900233686,54613,56012649.66529909,212.4,0.0288
326000,5000,6039,0.8334386852872536,0.35275718254902344,0.46421657185290044,0.5864600687613197,0.9112754792784037,0.0016031579725117834,-0.0002528641982989676,0.005956802374146678,54613,60230844.89012975,215.0,0.031
328000,5000,6079,0.83338872356826,0.35284909206726045,0.46372977832962387,0.5857809724428914,0.9143437612914851,0.0010835625325898235,3.7460528393122305e-06,0.005800423482683997,54614,63410831.11704215,215.8,0.0335
330000,4999,6058,0.8334470702633703,0.3527791703454668,0.46394302863872805,0.5859025495744065,0.9193211530484949,0.0019006274206832844,-0.00023856164604178635,0.00650485253863403,54614,63806636.187339485,216.3,0.036
332000,5000,6025,0.8338317996571403,0.3527032601466621,0.4637797876257453,0.5863391079022426,0.9248112459378852,0.00016289786522707275,0.00010381220011368863,0.0051875996718362015,54615,68118731.01066852,218.7,0.0381
334000,5000,6033,0.8331403948180256,0.35325463782248423,0.46467554442950676,0.5862787959600573,0.9190232459378853,0.0015175844892615495,-0.00024912862983078073,0.006611103075059421,54618,69907256.97794154,220.7,0.0403
336000,5000,6047,0.8338225647900658,0.35266062995485065,0.4648137293392828,0.5867377137360583,0.9289232459378851,0.0031291988106143817,-0.00022594711547926422,0.010937628253075763,54623,56271492.27000361,216.8,0.0436
338000,5000,6021,0.8336204456110041,0.35406859647201494,0.46232252371026433,0.5846035765544427,0.9295459909830573,0.00187454929023061,-0.00021128706453535555,0.00765992186476612,54626,47649154.70864834,211.2,0.0473
340000,4999,6038,0.8335162611307856,0.35407361007960647,0.46208058049444545,0.5836260141628505,0.9240717858493089,0.0008974271439611765,-0.00045163221031897403,0.006290627879872128,54627,48034991.596140236,209.8,0.0503
342000,5000,6018,0.8337772527732946,0.354083862773083,0.4616596430641988,0.5837045496351042,0.9245291172805968,2.343776931872593e-05,-0.00021668960287104331,0.0053377141768228475,54631,52541405.92042777,211.5,0.0525
344000,5000,6022,0.8338412221017006,0.353850603179483,0.46137301486175947,0.5833000802398645,0.9278783006129488,0.0002886986465437827,4.819628058712853e-05,0.005202690517362422,54633,57882067.89212306,213.8,0.0546
346000,5000,6033,0.8337653285793158,0.35358264835655484,0.46132782394807054,0.5828268827183082,0.9308289934881308,0.0005283011704502794,0.00015601048581686424,0.005434967954125931,54634,61984975.97371702,214.7,0.0569
348000,4999,6050,0.8338014403429885,0.3537119689470365,0.4613338113547751,0.5827094620874983,0.9204985408278817,0.0003559955538904187,-0.00014416340651354702,0.005544204502140232,54636,64156891.2434054,215.1,0.0594
350000,5000,6014,0.8340309787597889,0.35345430265172517,0.46182568314460287,0.5831291402507335,0.9207702011197162,0.00047891176105308275,3.280713563656398e-05,0.004875975880283688,54639,65224162.54275831,215.5,0.0619
352000,5000,5983,0.8336579761573838,0.35363529766335866,0.46227667798167893,0.5831712423117571,0.9317480068157161,0.0010507149574935733,-5.720180530058289e-06,0.004955020626849185,54640,69524829.8477273,217.5,0.0639
354000,4997,5989,0.8334655888096819,0.3537729930660946,0.4625034079016251,0.5830160557581927,0.9163318058992557,0.002435014445620114,-0.0004718749102781705,0.007848893750397854,54645,66272624.338810354,217.5,0.0664
356000,5000,5988,0.8336293276602311,0.35413692821046566,0.4611360041787804,0.5817592296393493,0.9347180068157163,0.0032095121564488047,-0.00049931806900783,0.00944958397258632,54649,50908750.14958925,213.4,0.0703
358000,5000,5972,0.8333976238530653,0.35470069703646834,0.45995730436226184,0.5804912078007183,0.9256515427023192,0.00046808609604541494,-5.7732022592913924e-05,0.0068453485844671745,54651,46732532.62596943,211.2,0.0736
360000,5000,6001,0.8334824119789075,0.35454353116248993,0.4598707804616179,0.5800505260702948,0.9305383975119191,0.0003849369173599908,-8.587870807358122e-05,0.006152977364601207,54652,49457764.19936688,211.3,0.0762
362000,5000,5998,0.8335211508744033,0.35451799682310564,0.4598596291454078,0.5804522941214546,0.9307077139204774,2.2959637625975337e-07,-9.433639855894367e-05,0.004565158006364902,54652,54814329.84909798,212.8,0.0783
364000,5000,6030,0.8334859157086568,0.3545222009929499,0.4598767962958235,0.5803750841923828,0.9264247947905047,0.0004992207685810845,-0.0005634016901606121,0.005441174177738792,54652,59224926.310349494,245.9,0.0023
366000,5000,5982,0.8333705332375801,0.3545266573066075,0.45945111725686194,0.5796992957902026,0.923731695278877,0.0007275660342350362,-7.758650681747144e-05,0.005473413136621793,54653,62628513.54240611,244.0,0.0046
368000,5000,5978,0.8334476803365222,0.35437096272973867,0.4595110789231698,0.579711940410075,0.9288891528957729,0.0006587708214701937,-8.255909291124384e-05,0.006050215880422015,54653,63690925.76848584,238.8,0.007
370000,5000,5988,0.8338173020145172,0.3543504885470754,0.4595986096126202,0.5804987218037175,0.9342929836797728,6.916364290661455e-06,-0.00010060757565253715,0.004601882091053312,54653,67097596.472353324,242.9,0.0092
372000,5000,5986,0.8336056743004224,0.35452936589288964,0.4601441957324102,0.5806349726182252,0.9293189836797731,0.0012698892044909868,-1.7451906464813116e-05,0.0065532701193843365,54653,70109361.36619405,247.8,0.0112
374000,4997,5973,0.8337992669690655,0.3541701534984745,0.46025692106239147,0.5809207913759118,0.9324804719629508,0.0030773652991566477,-0.0003739260568804219,0.009423095255775175,54654,60210687.82068965,230.5,0.0145
376000,4999,5993,0.8332944762292558,0.35612371151922156,0.4567721980040284,0.5773751525385589,0.9281126062010132,0.002651568472079418,-9.537966721511031e-06,0.007544296715715028,54655,47800381.35678543,213.5,0.0182
378000,5000,5987,0.8331263096835558,0.3561406950812718,0.45690437251516314,0.5769471560067531,0.9378722123890555,0.0015872434828064802,-0.00044479951998554356,0.006392335233227411,54655,47631534.51564947,210.7,0.0211
380000,5000,6000,0.8329088265024882,0.35624822653101534,0.4566620092335417,0.5762718508727758,0.9288072962367354,0.00041361757127227836,-0.00011122818927839797,0.005531855218776083,54656,51355577.246365584,213.6,0.0234
382000,5000,5956,0.8328875056099987,0.3562292005792384,0.45662119657546646,0.5762490932683724,0.9323413306194874,0.0005303677522592524,1.2474752421196208e-05,0.005516213708430578,54656,56780098.968940444,218.7,0.0254
384000,5000,6025,0.8327429911497702,0.35608550276401124,0.4567869760011207,0.5759625566638937,0.9226404140596038,0.0009713709821194132,8.54039180664161e-05,0.005817959407088928,54656,60777659.1150295,220.5,0.0277
386000,4999,6002,0.8326661997528998,0.35648069697640267,0.45609715754498215,0.5753561373755498,0.9244719949428069,0.0006982632922668514,0.00010100346916118891,0.0055115165592132444,54658,63439351.36911813,222.0,0.03
388000,5000,6007,0.8329268894554436,0.35632217448264514,0.4561795039816862,0.575555169988429,0.9199795187710182,0.0004549507091191823,4.518174814698335e-05,0.005226288328807806,54658,63733134.46069286,221.6,0.0326
390000,5000,5974,0.8328874111630296,0.3562677459531028,0.4565029597670791,0.5757533166140488,0.9284109651710183,0.0006621071143305821,9.162902790659695e-05,0.004731471533853698,54658,68273201.46789838,225.1,0.0346
392000,5000,5982,0.832142611761226,0.35658972100966285,0.4570890729797988,0.5755507334546663,0.9209629651710184,0.0013222681299248258,-8.00755609713284e-05,0.007248414255109188,54658,67444501.31503215,225.9,0.0369
394000,4999,5908,0.8316032741957122,0.3575830983557165,0.4547269338327432,0.5727486400512147,0.9285726797069599,0.002052915408085951,-0.00024704054134839425,0.00881496613707878,54660,51609446.36825369,219.9,0.0404
396000,5000,5944,0.8313048631623087,0.35819670368629913,0.45379051268251286,0.5717668637865758,0.9321992277477464,0.0017025287318418142,-0.00015891844840925626,0.007657061196799552,54661,46602924.43723884,215.7,0.0438
398000,5000,5974,0.8315275700312666,0.3578452266460754,0.454460236778111,0.5723258921266289,0.9201494051511804,0.0007862923897062955,0.00010861109598669976,0.005838810172717325,54662,48149005.88050023,215.6,0.0464
400000,5000,5937,0.8318245437740883,0.35778113478633705,0.45403732765719906,0.572885944443758,0.9257535907668977,0.0002621041433372223,-0.00014139607554624348,0.005000074472176461,54666,53076075.21872568,217.4,0.0486
402000,5000,5946,0.831843795954428,0.35775125652728246,0.4539957515436492,0.572796631600838,0.9332726411623069,0.0008050063627735596,-2.4085085905528687e-05,0.005570369958186461,54667,57752239.20038237,219.2,0.0507
404000,5000,5955,0.8315821507470282,0.3576160937850426,0.45399102800659547,0.5723116907634569,0.929339836827715,0.00169719000288234,-0.0002716908247279882,0.005542832501896939,54667,61713191.908275574,220.3,0.0529
406000,5000,5942,0.831437973220182,0.3577588515709282,0.45353007191362377,0.5716732548445674,0.9302188856167404,0.0024307623100803966,-0.00034979148134973797,0.006432404050446638,54667,62843697.9446485,220.8,0.0554
408000,5000,5956,0.8314525931764636,0.3579177201441479,0.45383977959163874,0.5718936807748046,0.9302156862567404,4.452098483552637e-07,-0.0003499615683885676,0.005236752980108861,54667,65284746.494196236,221.8,0.0576
410000,4999,5952,0.8310206896082755,0.35808920734492933,0.4546090551230772,0.5720644213765113,0.9296416145796563,0.0010561609796614821,-0.00026294156878066123,0.0051227576887022475,54670,69219535.02710357,223.7,0.0596
412000,5000,6008,0.8313656998781058,0.35759659065314925,0.4546149527455622,0.5723961360643971,0.9287976862567404,0.002964074010594479,-0.00028701889917447766,0.00860456873642877,54674,62451555.10882696,222.3,0.0625
414000,4999,5962,0.8309651113570649,0.359038184713999,0.4517538126422575,0.5693587033507659,0.9244965855738552,0.0033986671241110445,-0.0003569136599066058,0.00866045031605534,54676,48625256.46492315,218.1,0.0662
416000,4999,5962,0.8309643062957918,0.35918048814120984,0.4513043406699423,0.568890224704335,0.9315555037314275,0.0003358084722636588,0.0003028567101195593,0.006032629229565072,54676,46680229.16618887,216.2,0.0694
418000,5000,5930,0.8310240228909545,0.35904274785699397,0.4514538446123536,0.5687239934884577,0.9345535202539516,0.00015323077955108926,9.414857162114284e-05,0.005079691294867642,54677,49756696.825719275,216.8,0.0717
420000,5000,5939,0.8312823473413057,0.3591194036792088,0.4511442990652058,0.5696150060146463,0.9305209932124737,0.00025624887106030845,-2.7877359476724606e-05,0.005471752487664415,54679,55001467.251424916,218.3,0.0738
422000,4999,5955,0.8311155701631243,0.35894300407687557,0.45130076408588365,0.5689337249309192,0.932837905823512,0.0010769362613828207,-8.315435615148706e-05,0.005576611981379727,54679,59103216.68263979,219.0,0.0761
424000,5000,5971,0.8310135543919147,0.3591400340794222,0.450925814348532,0.5684123913851364,0.931446775292394,0.002134412474542315,0.00014121144173928396,0.005682662363972357,54681,62213904.691956274,226.5,0.0025
426000,5000,6009,0.8310647995219704,0.35896339797328985,0.4512170873610163,0.568921851753386,0.9275087620264739,0.0019451983296873614,-0.0001426697684815246,0.006395485716909862,54684,62274369.42396628,222.9,0.005
428000,5000,5964,0.831149331807696,0.35897831349320786,0.45105172723896647,0.5691918305352426,0.9334180538024739,1.0324523383747749e-05,-0.00013565100360437126,0.004780416758046387,54685,66692380.12292611,235.7,0.0071
430000,4998,5969,0.8311675435456339,0.35912270495670673,0.450890250645068,0.5690292960793422,0.9328071766731432,0.001162802408998148,-0.0001332709645722649,0.006589914753694696,54686,68040377.87500653,238.9,0.0093
432000,4999,5951,0.831530079726068,0.35854471425247975,0.4511790211392545,0.5697982580024141,0.932818617525979,0.0032765714631406585,-0.0006731175542622445,0.010562722056011177,54689,53791120.44373715,217.5,0.0128
434000,5000,5931,0.8308384764967938,0.36049524984821435,0.44726439046740424,0.565637397952495,0.924299009335228,0.002113410108586422,-0.0005487847142492951,0.007593469302094988,54690,46738845.79491687,202.8,0.0164
436000,5000,5971,0.830752766643051,0.3609944249067518,0.44648425970198696,0.5645237444217776,0.9248314332911614,0.0016082140972475142,0.00014013335044220794,0.0057397806681526295,54692,47090272.02761738,202.2,0.0192
438000,5000,5988,0.8308228765436292,0.3611155181965936,0.4464025306186842,0.564772427483447,0.9292608138858732,1.4446341325982488e-08,0.00019827063282235304,0.004848403074552341,54693,51532181.20421778,206.8,0.0215
440000,5000,5967,0.8306648447469539,0.3610642485737805,0.4465435862109919,0.5639177787931039,0.9346215078725383,0.0008434398196701485,-5.441319799100064e-07,0.005202322508924131,54693,56570671.212870695,212.0,0.0236
442000,4999,5969,0.8307509188746023,0.36099696466901154,0.4464621753019999,0.5635718127775198,0.9320054944767734,0.001296671953572528,-0.00010409983350331985,0.005336163294955858,54693,60434791.050323136,213.9,0.026
444000,5000,5966,0.8306754343173836,0.36092790693673243,0.4461310456732133,0.5631060791532143,0.9259950324051791,0.00028730264616294056,-0.00038515917672030683,0.0061029223182145044,54694,62458451.17370653,215.2,0.0284
446000,5000,5980,0.8308329137266041,0.36084830132971185,0.4461714035051748,0.5631600535021228,0.9267550648147791,0.0007696278727818703,-3.711672550447745e-05,0.005176214034677609,54696,63604964.82126567,215.6,0.0309
448000,5000,5978,0.8308923298085108,0.36088088450063244,0.44634863076512427,0.563222408512899,0.9286070648147794,1.063262845527839e-08,-5.996604477687355e-05,0.004623240469152897,54696,67766699.71908352,219.5,0.0329
450000,5000,5968,0.8307340390148936,0.3611349222717097,0.44671204154035593,0.5634397675384595,0.9307350648147793,0.003332145616175659,-4.1685189335085e-05,0.00830598049821134,54697,63749080.01985189,218.2,0.0356
452000,5000,5934,0.8300741251309637,0.36257002863174026,0.443512112257304,0.5597878562159803,0.926982666768268,0.0031910229708392752,-8.547783827378754e-05,0.008654041017240223,54701,49470963.78495568,211.4,0.0394
454000,5000,5976,0.83009432729519,0.36292667654747873,0.4422963537280806,0.5588460642164605,0.9236189424568924,0.0006986032761930095,-0.00018059177645933278,0.006897327653739231,54703,45965366.59699001,208.1,0.0427
456000,5000,5987,0.8298917009659408,0.3628664172911613,0.44223286821365737,0.5585164713698341,0.9288373825776467,0.0010693245764142958,-8.506767295825694e-05,0.0057536243203982354,54704,48371935.04629497,208.9,0.0452
458000,5000,5961,0.8301015152745637,0.3630156083172379,0.44192389214224587,0.55938595055667,0.9288051854189605,0.0007190107427170883,-0.0005675968481789668,0.005616134597906055,54705,53565805.08790062,211.5,0.0473
460000,5000,5992,0.8299883880968648,0.3629337479317758,0.4418762611176441,0.5586811428423277,0.9264875780378934,0.001042379586153931,-0.00023153610208420682,0.0054703796616116605,54706,57702231.0661805,212.5,0.0497
462000,5000,5987,0.8299825385315361,0.36289769052028675,0.4410164490241671,0.5583787888114244,0.9241232177499232,0.0019918456156832976,-8.668531595715166e-05,0.00593413121942029,54709,60933200.71243984,213.3,0.0521
464000,5000,5952,0.8301107178546395,0.3627116105964272,0.44110101221550285,0.5583965644631941,0.9232819292597345,0.0008550452708644731,3.622614257738435e-05,0.005956900059649084,54711,61462304.33729388,213.7,0.0546
466000,5000,5984,0.8300724178381863,0.36269332757808787,0.441143204340118,0.5585700009528777,0.9333756082510947,9.31980445290272e-06,0.00018666653383139398,0.005095694857637215,54714,65033004.240125455,215.2,0.0568
468000,4999,5938,0.8297832830468662,0.36283905940033206,0.441551281845281,0.5585992005655727,0.9334095527434031,0.0020151821115123305,0.00018642266186646577,0.006473167272398574,54715,67665414.20686102,216.9,0.0589
470000,4998,5991,0.8298903586978695,0.3625906254879982,0.442148255013206,0.5592729468708368,0.9309532521337079,0.0032479837338572027,-0.000154848781034884,0.009100154991687322,54715,57063447.37002006,214.5,0.0622
472000,5000,5941,0.8292112154612697,0.36463616289424255,0.4380098580771235,0.5545779673200143,0.9376180708328545,0.001908906198974703,-0.00019411897391537528,0.007212432934223287,54716,46743496.80015219,210.7,0.0659
474000,4999,5948,0.8294394035967242,0.36455434235665185,0.43808017210116895,0.5546917700869612,0.9254212220281597,0.0016818376706963752,-0.00025059544826327843,0.006338156413569385,54719,46212293.644957095,209.8,0.0689
476000,5000,5977,0.829498490233998,0.3648723059021636,0.43755525826269587,0.5540371331581471,0.9278871459222184,0.0008168590603812704,4.326685228676372e-05,0.005465141927321264,54720,49998397.69378731,210.6,0.0712
478000,5000,5929,0.8293775902291148,0.36497909206522156,0.4375393396092348,0.5541685119746171,0.9250868751048896,0.0012778492075874591,-0.00010970566915527039,0.005989054095949132,54720,55254003.82365505,212.3,0.0733
480000,4999,5987,0.8292483801109201,0.3648581994848915,0.4377560345956883,0.5533596175581482,0.9197741406348228,0.0016616810832836332,-0.00033630214792555366,0.006201487769895704,54720,59010338.3149739,212.9,0.0757
482000,5000,5992,0.8291636583245491,0.36505083872794886,0.4372554691450013,0.5529625565704107,0.9120428667841688,0.0014155212059809193,-0.0003209440260058986,0.005946245120166798,54723,61508711.34068766,213.3,0.0781
484000,5000,6028,0.8292602785628213,0.3651487829121132,0.4372001410098781,0.5531406872448407,0.9188958301080727,0.0009341194732095095,-8.113538554698774e-05,0.005571338039485397,54724,61878941.44663364,241.7,0.0023
486000,5000,5995,0.8291673030026413,0.3650530203969943,0.437508259673075,0.5532174449703989,0.9127790926898327,7.296155962690068e-05,-0.00030560593076709743,0.005412116119252775,54724,65997593.94254011,262.5,0.0042
488000,5000,5985,0.8290237066566161,0.36514996265112193,0.43771522181015315,0.5533835715269996,0.9218990926898326,0.001632030494877837,-0.00014806321135328796,0.007320519857967196,54725,64651112.44978081,259.7,0.0064
490000,4999,5964,0.828556775445056,0.36589064369494173,0.43562716818174496,0.5505945908292774,0.9125113549608248,0.002012041954689899,-0.00020720004028866945,0.009088860956590427,54725,50101048.52394057,234.0,0.0095
492000,4999,5929,0.8283844495431486,0.366374141185307,0.4346754418431114,0.5499097884014787,0.9237872060833967,0.0023328055430316876,-0.0005101064531887964,0.008154524093810282,54726,45492480.689053066,222.3,0.0125
494000,5000,5974,0.8284409540662716,0.36631242768162436,0.4343754432294708,0.5495919807135676,0.9180807140069046,0.0009495090609315886,-8.211220762520395e-05,0.005699705497201326,54728,47067258.13532322,223.6,0.0149
496000,5000,5945,0.8285244246915874,0.3663398723799351,0.4343029116330743,0.549689388835222,0.921965270391091,0.0005293381665558995,-0.00014916107212668722,0.005332277601571552,54728,51881086.86433186,229.6,0.0169
498000,5000,5975,0.8285315586864708,0.36635695467629914,0.43418352683123396,0.54909177259645,0.9178235587107647,0.0007992689084845629,0.0002516422014465064,0.005615869922326864,54730,56239679.15524219,233.9,0.019
500000,5000,5943,0.8286267074351937,0.3662250247122274,0.4343145980492896,0.5490953668213145,0.9174095587107648,0.0013980347261223422,-0.00024114205847012706,0.005730986251942782,54731,59965476.66198999,236.3,0.0212
502000,4999,5971,0.8284456150331136,0.36646684431194415,0.4338378977889841,0.5483236195276374,0.9254575950117453,0.0014983006295863674,-0.0002660456357592378,0.006704550927032287,54732,60861751.67093071,236.7,0.0235
504000,5000,5977,0.8287504094244945,0.36634552692664407,0.4336796723118842,0.5486772811756028,0.9211466445790535,6.100852841151344e-06,-7.183010984355683e-05,0.0047209184581956725,54736,63280564.069163024,238.6,0.0256
506000,5000,5969,0.8282582726017005,0.3668757263300533,0.4340960794152652,0.548481459111765,0.9198817726313798,0.0009939814426249557,7.506951059977479e-05,0.004873038904412882,54742,66950630.95939254,242.1,0.0275
508000,4999,5926,0.8285527827928834,0.36656524520508277,0.43406229683062336,0.5489556203972242,0.9270311788671532,0.002437819144390423,-0.0004245847696680306,0.007929522075512488,54745,59133958.909640394,239.3,0.0302
510000,4998,5915,0.8281841217044729,0.3675016519122179,0.43118088240793606,0.5454606118706296,0.9263981398873349,0.0019355931084337735,-0.00014632769358935852,0.00786722870187022,54746,47349655.22321406,232.6,0.0334
512000,5000,5887,0.8280604290877556,0.3675494842313025,0.4307607711295068,0.5440574238026429,0.9258891007520539,0.0004361459023432579,-0.0006419942877482642,0.006500131107312973,54750,45558332.043185875,229.6,0.0363
514000,5000,5915,0.8280480179004495,0.36780182762182584,0.4301262718097482,0.5439417215241144,0.9297868138974144,0.0001397631756658942,5.742217723079459e-05,0.004726457593410052,54754,48475325.28468971,231.0,0.0385
516000,5000,5908,0.8280138368344122,0.36784061609563135,0.4300332214426762,0.5445063296581022,0.9228468977712418,0.0004246220040104652,4.6213149000265264e-05,0.0051937678403157,54757,53634027.48129724,233.8,0.0404
518000,5000,5934,0.8280056404615587,0.3678100289131767,0.4300972434720368,0.5441856057683768,0.9291551570015676,0.0009619572002311709,2.989392325050889e-05,0.0054911247523849,54758,57418780.33170003,235.2,0.0425
520000,4999,5935,0.8278081315155059,0.3681475006194109,0.42927321826688836,0.5433846224571295,0.9233346679477163,0.0011225257551019338,-7.972093912445571e-05,0.005859738407310372,54765,60390871.41883661,236.1,0.0447
522000,5000,5937,0.8280074721309335,0.36825628260164606,0.4296127876016642,0.5440554743805526,0.9248787813071502,0.0023911118194683257,-0.0002793464704325535,0.0068099291753701335,54770,60249988.21108198,236.1,0.0471
524000,5000,5913,0.8280124432890181,0.36798677440293404,0.4296136619762882,0.5441071392362404,0.924805355696685,2.1258572285583396e-05,2.7000625710947924e-05,0.005057143431209916,54775,64228104.18914218,237.7,0.0491
526000,5000,5919,0.8273692468456891,0.368546432890346,0.43033400436486763,0.5438907242626546,0.9305653556966849,0.002569043738923637,-0.00018293178659725093,0.0068109269025338395,54776,64762833.873538814,238.6,0.0512
528000,4999,5923,0.8275717407102149,0.36791325542705744,0.4301849710078348,0.5435893165532395,0.918354472991283,0.0039819358850464795,-0.0003850590602857746,0.010998790511454878,54779,50487220.02788575,235.4,0.0543
530000,4998,5871,0.8270702099805322,0.369203192282309,0.4275438761016724,0.5411663882913229,0.9293386234229972,0.0010383862895612262,-0.0002379390136788598,0.007356255780457815,54782,45310046.31863262,232.3,0.0574
532000,4999,5936,0.8268247810556281,0.3693873621510422,0.42713682607340814,0.5406316935052926,0.92598163613773,0.0006996153775741777,-0.00015471026840315153,0.005589188309130775,54785,45720524.601552814,231.5,0.06
534000,5000,5927,0.8267697088633041,0.3694132513115282,0.42709700560356206,0.5407705070336342,0.9304033586304197,4.645103531656511e-08,2.0008800774711845e-05,0.004974732682140602,54786,50126012.82869381,232.7,0.0621
536000,5000,5888,0.8268104809086755,0.3694094575337663,0.42704710837104776,0.5407883368978106,0.9282947618315045,0.0014813477871340505,-0.00023057635369079748,0.005642550046702696,54786,54823870.67835289,234.2,0.0641
538000,5000,5908,0.8268704561264749,0.3694188860766004,0.4270132111088891,0.5401100590021554,0.926465266773904,0.0008952734545126944,-0.0005501474379157582,0.005917175492581573,54790,58571573.66871713,234.9,0.0662
540000,5000,5955,0.826986783398706,0.3692025796247999,0.4273506452823689,0.540235213509926,0.91819459143437,0.0008432117586026649,-0.0001521439757843053,0.005816413359802842,54795,60088974.38017051,235.2,0.0685
542000,5000,5925,0.827183482386955,0.36917643786567156,0.42748776569610547,0.5408619051233302,0.9323963034343702,0.0016242352832859979,-3.7011759454570095e-05,0.004943291556932417,54797,61516108.928338766,235.6,0.0707
544000,5000,5905,0.8269445154039359,0.36920818081106627,0.4280658891641624,0.5408540123554901,0.9253163034343701,0.0005804426304156208,-0.00012569398285859507,0.004717686263041174,54802,65299038.254332766,288.3,0.0019
546000,4999,5892,0.8263719523936545,0.369210687986578,0.42852132624552924,0.5406216075783834,0.9308924819307562,0.0021207817712494267,-0.00013227117111754707,0.008008518566327383,54805,60565875.07326412,257.8,0.0043
548000,4999,5905,0.8257284622642362,0.37025615997497513,0.42580009282682724,0.5373085797765519,0.9282899037853602,0.0020928504677589803,-0.00031598730096664575,0.007836853476882769,54805,48122389.91616063,220.3,0.0076
550000,5000,5893,0.8256019513558129,0.37059562359033443,0.42500398503249015,0.536378872610889,0.934580655683311,0.001312555331983559,5.3539830334289285e-05,0.006218742598870427,54807,45037478.90463221,211.7,0.0105
552000,5000,5922,0.8254783080372879,0.37093418073169476,0.4241783392508404,0.535546329221941,0.9314034713478097,0.0011914431542691898,-0.00021530448877960504,0.005763240087857308,54810,47331504.91897306,217.9,0.0127
554000,4999,5926,0.8253944763350458,0.37109678065604934,0.4240318770250598,0.5356869058142473,0.9273052377784256,1.6739460204563558e-05,0.00013481467976872135,0.005043640815145372,54812,52451333.72657901,227.1,0.0147
556000,5000,5938,0.8251822106840025,0.3710185592102012,0.42401592664083454,0.5349869416743706,0.9289879406847896,0.0013587444361827235,-0.00013218291043147224,0.005544520299336142,54812,56198622.864294484,231.5,0.0168
558000,4999,5930,0.825085395586276,0.3709558160979094,0.42367105328506605,0.5344427246454747,0.9321920690394353,0.0008376322936969106,-0.00032073125295825774,0.005821491390653457,54818,59310574.74654775,234.8,0.0189
560000,4999,5898,0.824958095227298,0.37068640427532196,0.4241743009608299,0.5344501907509089,0.9325980391711364,0.0008728408108166267,0.00014389098984602812,0.00563519364250285,54819,59429971.953611076,236.1,0.0212
562000,5000,5925,0.8253773759584968,0.37068494698607285,0.4238643907045696,0.5350463475895214,0.9309609295167911,1.61430279738769e-05,0.000221161310641514,0.0048392941239845996,54825,62850750.60372665,239.6,0.0232
564000,5000,5923,0.824781755269615,0.37113025098058716,0.4242329862388693,0.534778353781881,0.927446929516791,0.002313915062870851,-0.00010213752963340083,0.006613147878829646,54827,65069264.84931031,242.6,0.0252
566000,4999,5940,0.8248071523901435,0.3708213606746732,0.42445740536482,0.5353310121410343,0.9254140123192548,0.0031021080040288546,-0.00036164546346590504,0.009157224243085165,54828,53891877.99325415,238.5,0.028
568000,5000,5931,0.824025183863184,0.3723484959003015,0.4212006801952782,0.5315968844371451,0.9203573957011632,0.00164501264816332,-0.00042449600910878047,0.007762415531537554,54831,45844742.07012692,231.2,0.0312
570000,5000,5958,0.8241256007459018,0.3726366550554274,0.42114769654022277,0.5313629249994698,0.918638381193245,0.001788229176313546,0.00014524794485441995,0.006578779959185087,54832,44996940.32374374,228.7,0.034
572000,5000,5913,0.8241277144643815,0.37274769035663496,0.4205584603588018,0.5307524081298493,0.9299609347573414,0.001311919740630408,0.00018255911640525593,0.0051173132219985,54836,48955134.15594343,230.5,0.0362
574000,5000,5925,0.8241512870600746,0.37277375849638233,0.42047395043755315,0.5310060217269531,0.9249269379031694,0.0011673259424179489,0.00018024920131629073,0.005325984149086564,54839,53916586.95046198,233.2,0.0381
576000,4999,5932,0.8239989775579208,0.372649235306873,0.4198418358271572,0.529791936844441,0.9301596296335181,0.0011935789752307718,0.0001029131031764229,0.005842433219363422,54844,57437480.94735302,234.4,0.0403
578000,5000,5942,0.8239855819348377,0.37280075271956126,0.41950239683558105,0.5291556597082016,0.9277335032602616,0.001519912077210883,-0.000414056892073208,0.005809074039632367,54849,59545682.36988816,235.1,0.0425
580000,5000,5893,0.8241168133312567,0.3728695941075439,0.4194927789038681,0.5294596824816392,0.9395261349104947,0.0010980771034854032,2.7706980870654253e-05,0.004879162046683188,54850,59904906.85632576,235.3,0.0449
582000,5000,5897,0.8240210176904437,0.3728736485614149,0.41962676354525474,0.5294621987784629,0.9310973201607274,0.0012634225602800066,-4.801505715378232e-05,0.0047429305026334915,54854,63678609.75441297,237.6,0.0468
584000,4999,5909,0.8234031181185518,0.3732871963748856,0.42029061950897345,0.5293835570650367,0.9299313064220119,0.0021654887214482134,0.00018027088001714158,0.006730315364423891,54856,61649225.096163295,237.7,0.0491
586000,5000,5884,0.8230386168966707,0.374275888346413,0.4179236566495556,0.5262642950515289,0.9305619647175275,0.002273437856793747,-0.00015515830180990744,0.007607479017190246,54857,48656056.088554524,233.6,0.0523
588000,4999,5898,0.8230918703336945,0.3743937682177658,0.4176098503887719,0.5262006871617075,0.9272135716888303,0.0025785620515000164,-0.0005627729476766561,0.00777719251952308,54861,44566251.17496651,231.0,0.0553
590000,5000,5924,0.8231832863627162,0.37436858797955963,0.4174053315515828,0.5262551403477457,0.9293109813369757,0.0013676292651967916,1.6642304143845266e-06,0.005774563850795988,54861,46094981.34268005,229.8,0.058
592000,5000,5886,0.8232324633853183,0.3744338227150638,0.4172631162798189,0.526488768671965,0.9249484131201298,2.675206076138009e-06,-0.00017349577686952722,0.004962175014350717,54864,50774761.62244631,230.7,0.0602
594000,4999,5857,0.8230505519843947,0.37436651939180443,0.41746974076987503,0.5262025623511603,0.9241595561011919,0.0006322496771212903,-0.0002918216496024618,0.005255813955633265,54864,54801988.310698375,231.3,0.0624
596000,5000,5943,0.8230572266678317,0.3741997625536244,0.41751721985802087,0.5261310427948113,0.9275243397847784,0.001140456069948724,8.490890246876626e-05,0.005549951090032906,54865,58065209.249156505,231.4,0.0648
598000,5000,5934,0.8229269084725748,0.3740971205857226,0.41705174281513374,0.5257304290392509,0.9221159619954596,0.0020201286193330704,-0.0003018241402340459,0.006523038662880507,54871,58599564.91659348,231.0,0.0673
600000,5000,5935,0.8229017755210504,0.374192309763456,0.41697340875209227,0.5256248018483338,0.9267247784657858,1.3569078679944082e-05,-0.00023102795879626802,0.004542608239858648,54873,61077481.97132254,231.2,0.0697
602000,5000,5904,0.8224929592018916,0.37451673827524423,0.4172905639660408,0.5255198231858054,0.9264147784657857,0.0008440239743518112,-6.589028667676633e-05,0.004930746101357858,54876,64426465.66251159,232.2,0.0718
